CREATE TABLE KODY_POCZTOWE(
    MIASTO VARCHAR(20) PRIMARY KEY,
    KOD_POCZTOWY CHAR(6) NOT NULL
    );
ALTER TABLE `KODY_POCZTOWE` DEFAULT CHARACTER SET utf8 COLLATE utf8_general_ci;
INSERT INTO KODY_POCZTOWE VALUES('KRAKÓW', '31-403');
INSERT INTO KODY_POCZTOWE VALUES('RADOM', '26-600');
INSERT INTO KODY_POCZTOWE VALUES('GDAŃSK', '80-761');
INSERT INTO KODY_POCZTOWE VALUES('TRZEBINIA', '32-540');
INSERT INTO KODY_POCZTOWE VALUES('POZNAŃ', '60-967');
INSERT INTO KODY_POCZTOWE VALUES('ŁEBA', '84-360');
INSERT INTO KODY_POCZTOWE VALUES('ZAKOPANE', '34-500');
INSERT INTO KODY_POCZTOWE VALUES('WROCŁAW', '51-416');
INSERT INTO KODY_POCZTOWE VALUES('KALISZ', '62-800');
CREATE TABLE PILOCI(
    ID_PILOTA VARCHAR(3) PRIMARY KEY,
    IMIE VARCHAR(20) NOT NULL,
    NAZWISKO VARCHAR(30) NOT NULL,
    STAZ_PRACY NUMERIC(2),
    LICZBA_JEZ_OBC NUMERIC(2),
    ZAROBKI NUMERIC(7,2)
    );
ALTER TABLE `PILOCI` DEFAULT CHARACTER SET utf8 COLLATE utf8_general_ci;
INSERT INTO PILOCI VALUES('P1', 'KRYSZTOF', 'DÓŁ', '4', '2', '2700');
INSERT INTO PILOCI VALUES('P2', 'KRYSTYNA', 'AS', '7', '3', '3500');
INSERT INTO PILOCI VALUES('P3', 'WOJCIECH', 'PIEC', '17', '2', '3400');
INSERT INTO PILOCI VALUES('P4', 'ANETA', 'PALUCH', '1', '2', '3000');
INSERT INTO PILOCI VALUES('P5', 'KRYSTIAN', 'MIECH', '8', '5', '4000');
INSERT INTO PILOCI VALUES('P6', 'ADAM', 'CZERWIŃSKI', '23', '3', '4400');
INSERT INTO PILOCI VALUES('P7', 'SEBASTIAN', 'BIELECKI', '34', '2', '3600');
CREATE TABLE WYCIECZKI(
    NAZWA VARCHAR(50) PRIMARY KEY,
    ID_PILOTA VARCHAR(3),
    FOREIGN KEY (ID_PILOTA) REFERENCES PILOCI(ID_PILOTA)
    );
ALTER TABLE `WYCIECZKI` DEFAULT CHARACTER SET utf8 COLLATE utf8_general_ci;
INSERT INTO WYCIECZKI VALUES('ANTARKTYDA WŚRÓD PINGWINÓW', 'P7');
INSERT INTO WYCIECZKI VALUES('RAJSKIE  HAWAJE', 'P3');
INSERT INTO WYCIECZKI VALUES('MISTYCZNE HIMALAJE', 'P6');
INSERT INTO WYCIECZKI VALUES('CHINY - TRASA PREZYDENCKA', 'P1');
INSERT INTO WYCIECZKI VALUES('ROSYJSKA PODRÓŻ KOLEJĄ', 'P4');
INSERT INTO WYCIECZKI VALUES('IZRAEL ŚLADAMI CHRYSTUSA', 'P2');	
INSERT INTO WYCIECZKI VALUES('SYLWESTER W PARYŻU', 'P5');
CREATE TABLE KLIENCI(
    ID_KLIENTA VARCHAR(4) PRIMARY KEY,
    IMIE VARCHAR(20),
    NAZWISKO VARCHAR(30) NOT NULL,
    NR_PASZP CHAR(9),
    MIASTO VARCHAR(20),
    ULICA VARCHAR(30),
    NR_DOMU	NUMERIC(3),
    EMAIL VARCHAR(50),
    FOREIGN KEY (MIASTO) REFERENCES KODY_POCZTOWE(MIASTO)
    );
ALTER TABLE `KLIENCI` DEFAULT CHARACTER SET utf8 COLLATE utf8_general_ci;
INSERT INTO KLIENCI VALUES('K1', 'Jan', 'Kowalski', 'TP4996471', 'KRAKÓW', 'WADOWCIKA', '23', '0projeta.maquetep@junior-rowing.com');
INSERT INTO KLIENCI VALUES('K2', 'Maria', 'Banaś', 'UP4884872', 'RADOM', 'SOBIESKIEGO', '12', 'whildeleiafeioet6@langleyfirst.com');
INSERT INTO KLIENCI VALUES('K3', 'Marek', 'Kowalski', 'GV0403495', 'GDAŃSK', 'DŁUGA', '43', '5itx.me.s@нфабрика.рф');					
INSERT INTO KLIENCI VALUES('K4', 'Joanna', 'Dudek', 'ED6101262', 'KRAKÓW', 'KARMELICKA', '56', '8william.kroos10@такси-севастополь.рф');
INSERT INTO KLIENCI VALUES('K5', 'Katarzyna', 'Nowicka', 'NZ7664292', 'TRZEBINIA', 'NARUTOWICZA', '2', 'qwww.bour@narcologist.ru');
INSERT INTO KLIENCI VALUES('K6', 'Adam', 'Adamiak', 'SR5972477', 'POZNAŃ', 'ZIELONA', '65', 'qassw.ytur@narcologist.ru');
INSERT INTO KLIENCI VALUES('K7', 'Karol', 'Wójcik', 'ED8443768', 'ŁEBA', 'MORSKA', '7', '9reda07813524768j@ohmbet.poker');
INSERT INTO KLIENCI VALUES('K8', 'Mariusz', 'Nosal', 'RE8283310', 'ZAKOPANE', 'KRUPÓWKI', '21', 'wden@iraqoilreport.net');
INSERT INTO KLIENCI VALUES('K9', 'Grzegorz', 'Bór', 'QB7624480', 'WROCŁAW', 'RZEMIEŚLNICZA', '45', 'xana.bs75i@textileroofs.org');
INSERT INTO KLIENCI VALUES('K10', 'Piotr', 'Nowakowski', 'XJ3312667', 'RADOM', 'WARSZAWSKA', '10', 'pmoursli_485@velocilight.com');
INSERT INTO KLIENCI VALUES('K11', 'Alicja', 'Starzycka', 'JQ8091052', 'KALISZ', 'KRÓTKA', '5', '5abdokarsann@eduverum.com');
CREATE TABLE ZAKUPIONE(
    ID_KLIENTA VARCHAR(4),
    NAZWA_WYC VARCHAR(50),
    DATA_ROZP DATE,
    PRIMARY KEY (ID_KLIENTA, NAZWA_WYC),
	FOREIGN KEY (ID_KLIENTA) REFERENCES KLIENCI(ID_KLIENTA),
	FOREIGN KEY (NAZWA_WYC) REFERENCES WYCIECZKI(NAZWA)
    );
SET FOREIGN_KEY_CHECKS=0;
ALTER TABLE `ZAKUPIONE` DEFAULT CHARACTER SET utf8 COLLATE utf8_general_ci;
INSERT INTO ZAKUPIONE VALUES('K1', 'RAJSKIE HAWAJE', '2020-01-10');
INSERT INTO ZAKUPIONE VALUES('K2', 'ANTARKTYDA WŚRÓD PINGWINÓW', '2020-03-03');
INSERT INTO ZAKUPIONE VALUES('K3', 'SYLWESTER W PARYŻU', '2020-12-27');
INSERT INTO ZAKUPIONE VALUES('K3', 'IZRAEL ŚLADAMI CHRYSTUSA', '2020-04-17');
INSERT INTO ZAKUPIONE VALUES('K4', 'MISTYCZNE HIMALAJE', '2020-05-04');
INSERT INTO ZAKUPIONE VALUES('K5', 'CHINY - TRASA PREZYDENCKA', '2020-05-14');
INSERT INTO ZAKUPIONE VALUES('K6', 'ANTARKTYDA WŚRÓD PINGWINÓW', '2020-05-20');
INSERT INTO ZAKUPIONE VALUES('K6', 'SYLWESTER W PARYŻU', '2020-12-28');
INSERT INTO ZAKUPIONE VALUES('K6', 'CHINY - TRASA PREZYDENCKA', '2020-08-06');
INSERT INTO ZAKUPIONE VALUES('K7', 'IZRAEL ŚLADAMI CHRYSTUSA', '2020-08-20');
INSERT INTO ZAKUPIONE VALUES('K8', 'ROSYJSKA PODRÓŻ KOLEJĄ', '2020-08-21');				
INSERT INTO ZAKUPIONE VALUES('K9', 'RAJSKIE  HAWAJE', '2020-09-11');
INSERT INTO ZAKUPIONE VALUES('K9', 'SYLWESTER W PARYŻU', '2019-12-27');		
INSERT INTO ZAKUPIONE VALUES('K9', 'CHINY - TRASA PREZYDENCKA', '2020-10-09');	       
INSERT INTO ZAKUPIONE VALUES('K10', 'ANTARKTYDA WŚRÓD PINGWINÓW', '2020-10-14');
INSERT INTO ZAKUPIONE VALUES('K10', 'MISTYCZNE HIMALAJE', '2020-11-09');
INSERT INTO ZAKUPIONE VALUES('K10', 'RAJSKIE  HAWAJE', '2020-11-23');
INSERT INTO ZAKUPIONE VALUES('K10', 'ROSYJSKA PODRÓŻ KOLEJĄ', '2020-12-08');
INSERT INTO ZAKUPIONE VALUES('K11', 'IZRAEL ŚLADAMI CHRYSTUSA', '2020-12-15');	
INSERT INTO ZAKUPIONE VALUES('K11', 'CHINY - TRASA PREZYDENCKA', '2020-12-28');
SET FOREIGN_KEY_CHECKS=1;